y,dy,dF1/dy,dF2/dy,dF3/dy,dM1/dy,dM2/dy,dM3/dy,y_in_component_frame:,test,loadsFM_in_frame:,global,comp:,WingGeom_Surf1,"Note: y is in the component local frame, but forces and moments can be calculated with respect to any arbitrary frame."
-1.4397018970189701,0.16937669376693765,0.11416575177814739,7.430478062533786e-18,50.04380827350802,-72.04816570542314,-3.494979804831982,0.16436464940959652
-1.2703252032520327,0.16937669376693765,0.11068312046985346,3.3434175583210323e-17,63.86076951869585,-81.12394501866854,-4.452720604940623,0.14060355750743647
-1.1009485094850948,0.16937669376693787,0.06499747654677074,-4.755414541137541e-17,70.69710735534066,-77.83387496777004,-5.023270262115094,0.07155887492446027
-0.9315718157181572,0.16937669376693754,0.012415461297456113,-2.3703107070870977e-17,74.46383049629031,-69.36840578075822,-5.338791706057227,0.011565893823850492
-0.7621951219512195,0.16937669376693765,-0.04473342715451385,0.0,76.46752504331533,-58.28317457569765,-5.494079760739143,-0.034095599965331944
-0.5928184281842819,0.16937669376693776,-0.11348517370222844,-3.913803275708738e-16,77.12854488899563,-45.72322274923522,-5.5179249371117685,-0.06727610229637489
-0.4234417344173441,0.1693766937669376,-0.21780399731628527,4.657594972880291e-16,76.1652095766475,-32.25152844539612,-5.360184509085705,-0.09222730238663818
-0.2540650406504065,0.16937669376693767,-0.38340042694767956,4.2925998276765636e-16,71.80241841704407,-18.242484353923796,-4.79611348710081,-0.09740864505784565
-0.08468834688346884,0.16937669376693767,-0.5014823168498821,-5.7334940875297e-16,58.61724514757416,-4.964197590411091,-3.4295870922919676,-0.04246970840530851
