y,dy,dF1/dy,dF2/dy,dF3/dy,dM1/dy,dM2/dy,dM3/dy,y_in_component_frame:,test,loadsFM_in_frame:,local,comp:,WingGeom_Surf1,"Note: y is in the component local frame, but forces and moments can be calculated with respect to any arbitrary frame."
-1.4397018970189701,0.16937669376693765,-4.2478718239004785,7.430478062533786e-18,49.86332676589709,-71.78832613653883,-3.494979792077332,-6.115669123162949
-1.2703252032520327,0.16937669376693765,-5.455568131949068,3.3434175583210323e-17,63.62740679728908,-80.82749847216601,-4.452720588690775,-6.9303456960735135
-1.1009485094850948,0.16937669376693787,-6.096905737880595,-4.755414541137541e-17,70.43374855328805,-77.54393048719041,-5.02327024378307,-6.7123792845907655
-0.9315718157181572,0.16937669376693754,-6.477579054842947,-2.3703107070870977e-17,74.18155536032297,-69.10544621981305,-5.338791686573735,-6.034330081577947
-0.7621951219512195,0.16937669376693765,-6.709143875461841,0.0,76.17264439711093,-58.058417985602865,-5.494079740688938,-5.113676734345916
-0.5928184281842819,0.16937669376693776,-6.835245648352576,-3.913803275708738e-16,76.82515675737591,-45.54336867391865,-5.517924916974543,-4.052059581509826
-0.4234417344173441,0.1693766937669376,-6.855207344064711,4.657594972880291e-16,75.85639524479657,-32.120763569104234,-5.3601844895241415,-2.9027808875612755
-0.2540650406504065,0.16937669376693767,-6.639931512133384,4.2925998276765636e-16,71.49577314165074,-18.164576509565737,-4.796113469597777,-1.6869744695460829
-0.08468834688346884,0.16937669376693767,-5.608401059098002,-5.7334940875297e-16,58.35048190225142,-4.94160585215544,-3.4295870797759638,-0.4749662143545057
