y,dy,dF1/dy,dF2/dy,dF3/dy,dM1/dy,dM2/dy,dM3/dy,y_in_component_frame:,test,loadsFM_in_frame:,local,comp:,WingGeom_Surf1,"Note: y is in the component local frame, but forces and moments can be calculated with respect to any arbitrary frame."
-1.4397018970189701,0.16937669376693765,-4.278220503219289,7.11389249539086e-18,50.29384774406264,-72.4081480055102,-3.531521405930551,-6.159362174350261
-1.2703252032520327,0.16937669376693765,-5.515297883273614,3.319512266192994e-17,64.29211231865077,-81.67189064869251,-4.509355694653752,-7.006221904565058
-1.1009485094850948,0.16937669376693787,-6.183698453585353,-4.6775081718837216e-17,71.36137652460165,-78.56520111956483,-5.10527021453524,-6.807933595580078
-0.9315718157181572,0.16937669376693754,-6.595557980499088,-2.4057033357048357e-17,75.46893420588206,-70.30473206848771,-5.457331000762375,-6.144235923567916
-0.7621951219512195,0.16937669376693765,-6.866891432876618,0.0,78.02184639502683,-59.46787072791679,-5.672962212829349,-5.2339111531071785
-0.5928184281842819,0.16937669376693776,-7.048825541917521,-3.483830329740882e-16,79.66297077921952,-47.225677121827296,-5.809891287224252,-4.178673678304764
-0.4234417344173441,0.1693766937669376,-7.168330442726963,3.9593434920886526e-16,80.70553232138944,-34.17409058324416,-5.895283045347284,-3.0353702755449548
-0.2540650406504065,0.16937669376693767,-7.241101440427848,3.6358136331337563e-16,81.32972668376485,-20.66304031599717,-5.9462688599872555,-1.8397107318160184
-0.08468834688346884,0.16937669376693767,-7.275584914120106,-4.281065942595835e-16,81.62243346686331,-6.912468958914576,-5.9700790797113665,-0.6161572589871366
