y,dy,dF1/dy,dF2/dy,dF3/dy,dM1/dy,dM2/dy,dM3/dy,y_in_component_frame:,test,loadsFM_in_frame:,global,comp:,WingGeom_Surf1,"Note: y is in the component local frame, but forces and moments can be calculated with respect to any arbitrary frame."
-1.4397018970189701,0.16937669376693765,0.11971388504080446,7.169571434600058e-18,50.25362025502358,-72.35023241322837,-3.512225633021507,0.17235230739275773
-1.2703252032520327,0.16937669376693765,0.1104031795695232,3.295238588846462e-17,64.2081517499433,-81.56523342218408,-4.4815764218407415,0.1402479415263258
-1.1009485094850948,0.16937669376693787,0.06204457337214876,-4.638383571745991e-17,71.22331255857169,-78.41319980195054,-5.068659199184581,0.06830788057570591
-0.9315718157181572,0.16937669376693754,0.00847095101204725,-2.4278278063678137e-17,75.26851145940935,-70.11802388664488,-5.4104407061340725,0.007891299215152487
-0.7621951219512195,0.16937669376693765,-0.04612538024899899,0.0,77.76370891330504,-59.27111959855565,-5.612850718711674,-0.03515653982393183
-0.5928184281842819,0.16937669376693776,-0.10412093527158922,-3.4934455292136206e-16,79.39551883252061,-47.06712667917043,-5.731356765551759,-0.06172480918878136
-0.4234417344173441,0.1693766937669376,-0.1805485501847609,3.9613110964384176e-16,80.63380245670263,-34.14371716493166,-5.79211165542416,-0.07645179123677229
-0.2540650406504065,0.16937669376693767,-0.2687482906293907,3.644604202009046e-16,82.35648381871825,-20.9239034092272,-5.870971541708757,-0.0682795453834835
-0.08468834688346884,0.16937669376693767,-0.0665354475589392,-4.3238356549471414e-16,88.06943050097566,-7.4584544800961785,-6.715789859556838,-0.005634777062918289
