y,dy,dF1/dy,dF2/dy,dF3/dy,dM1/dy,dM2/dy,dM3/dy,y_in_component_frame:,test,loadsFM_in_frame:,global,comp:,WingGeom_Surf1,"Note: y is in the component local frame, but forces and moments can be calculated with respect to any arbitrary frame."
-1.4397018970189701,0.16937669376693765,0.1214549155314777,7.113892495407973e-18,50.475336052212384,-72.66943706704019,-3.5315214188217796,0.17485887229294647
-1.2703252032520327,0.16937669376693765,0.10911353376871018,3.3195122662065426e-17,64.52815142693026,-81.9717370768931,-4.509355711115025,0.13860967196228377
-1.1009485094850948,0.16937669376693787,0.059383098319469384,-4.677508171904732e-17,71.62876990730528,-78.85958746569858,-5.105270233171686,0.06537773358342638
-0.9315718157181572,0.16937669376693754,0.0070878852744936625,-2.4057033356939815e-17,75.75659301978175,-70.57270691205954,-5.457331020684325,0.0066028741547621795
-0.7621951219512195,0.16937669376693765,-0.04071221320800445,0.0,78.32343887851995,-59.69774304765241,-5.672962233538592,-0.031030650310978018
-0.5928184281842819,0.16937669376693776,-0.07892066403212498,-3.483830329750365e-16,79.97417489274862,-47.41016465525407,-5.809891308433616,-0.046785624002784264
-0.4234417344173441,0.1693766937669376,-0.10710563194475892,3.95934349209914e-16,81.02318471259316,-34.30859786271729,-5.8952830668678455,-0.04535299455655432
-0.2540650406504065,0.16937669376693767,-0.12519761764526888,3.635813633140028e-16,81.6513462377,-20.744752601041668,-5.946268881694139,-0.03180833781637888
-0.08468834688346884,0.16937669376693767,-0.13403880683170813,-4.281065942604088e-16,81.94594461603917,-6.9398665833366495,-5.970079101504897,-0.011351524968810148
