y,dy,dF1/dy,dF2/dy,dF3/dy,dM1/dy,dM2/dy,dM3/dy,y_in_component_frame:,test,loadsFM_in_frame:,global,comp:,WingGeom_Surf1,"Note: y is in the component local frame, but forces and moments can be calculated with respect to any arbitrary frame."
-1.4397018970189701,0.16937669376693765,0.11966099855704825,7.168719544276445e-18,50.258120548278015,-72.35671149396396,-3.5125331066787884,0.1722761666217676
-1.2703252032520327,0.16937669376693765,0.1102532156962447,3.2956576059194925e-17,64.21463806446913,-81.57347315100245,-4.48205016018353,0.14005743863852163
-1.1009485094850948,0.16937669376693787,0.061818255854913705,-4.638987321043479e-17,71.23104824627366,-78.42171639579587,-5.069240415293985,0.06805871664243505
-0.9315718157181572,0.16937669376693754,0.008180222014445146,-2.427569542853367e-17,75.27693556756752,-70.1258715483776,-5.411071272570771,0.007620464274975357
-0.7621951219512195,0.16937669376693765,-0.046465478584431584,0.0,77.77252285115269,-59.27783753898833,-5.61350528350119,-0.03541576111618304
-0.5928184281842819,0.16937669376693776,-0.10450025375944283,-3.49330238779592e-16,79.40459346473915,-47.072506288378555,-5.732025428255169,-0.061949676178531546
-0.4234417344173441,0.1693766937669376,-0.18096615426983334,3.9611869370056525e-16,80.64312399278015,-34.14766429233575,-5.792792054772307,-0.07662862223485518
-0.2540650406504065,0.16937669376693767,-0.2692085593968083,3.6446163872454796e-16,82.3661940045833,-20.92637042799372,-5.871677820064473,-0.06839648358658776
-0.08468834688346884,0.16937669376693767,-0.06700499385688748,-4.3238966045653537e-16,88.08004818927704,-7.459353674566144,-6.716625144864227,-0.005674542162676865
