y,dy,dF1/dy,dF2/dy,dF3/dy,dM1/dy,dM2/dy,dM3/dy,y_in_component_frame:,test,loadsFM_in_frame:,local,comp:,WingGeom_Surf1,"Note: y is in the component local frame, but forces and moments can be calculated with respect to any arbitrary frame."
-1.4397018970189701,0.16937669376693765,-4.278220503224402,7.113892495407973e-18,50.2938477441145,-72.40814800558488,-3.5315214059337743,-6.159362174357625
-1.2703252032520327,0.16937669376693765,-5.515297883281444,3.3195122662065426e-17,64.29211231872044,-81.67189064878106,-4.509355694658493,-7.0062219045750105
-1.1009485094850948,0.16937669376693787,-6.183698453594693,-4.677508171904732e-17,71.36137652467922,-78.56520111965023,-5.105270214540411,-6.807933595590363
-0.9315718157181572,0.16937669376693754,-6.5955579805095335,-2.4057033356939815e-17,75.46893420596618,-70.30473206856607,-5.4573310007682325,-6.144235923577647
-0.7621951219512195,0.16937669376693765,-6.866891432887706,0.0,78.02184639511482,-59.46787072798388,-5.672962212835569,-5.233911153115631
-0.5928184281842819,0.16937669376693776,-7.048825541929215,-3.483830329750365e-16,79.66297077931107,-47.22567712188155,-5.809891287230882,-4.178673678311695
-0.4234417344173441,0.1693766937669376,-7.168330442738877,3.95934349209914e-16,80.70553232148025,-34.17409058328263,-5.895283045353481,-3.0353702755499987
-0.2540650406504065,0.16937669376693767,-7.241101440439955,3.635813633140028e-16,81.32972668385747,-20.6630403160207,-5.946268859993705,-1.8397107318190935
-0.08468834688346884,0.16937669376693767,-7.275584914132197,-4.281065942604088e-16,81.62243346695517,-6.9124689589223545,-5.970079079717571,-0.6161572589881605
