y,dy,dF1/dy,dF2/dy,dF3/dy,dM1/dy,dM2/dy,dM3/dy,y_in_component_frame:,test,loadsFM_in_frame:,local,comp:,WingGeom_Surf1,"Note: y is in the component local frame, but forces and moments can be calculated with respect to any arbitrary frame."
-1.4397018970189701,0.16937669376693765,-4.261076024510316,7.168719544276445e-18,50.07730246024759,-72.0963873496112,-3.51253309386008,-6.134679235829553
-1.2703252032520327,0.16937669376693765,-5.486838061620898,3.2956576059194925e-17,63.97989129843364,-81.2752684177257,-4.482050143826646,-6.970068675839556
-1.1009485094850948,0.16937669376693787,-6.146608852791847,-4.638987321043479e-17,70.96538055174392,-78.12922994348503,-5.0692403967941955,-6.767099854869071
-0.9315718157181572,0.16937669376693754,-6.552664919430632,-2.427569542853367e-17,74.9911971976281,-69.8596857362728,-5.4110712528235005,-6.104277956786665
-0.7621951219512195,0.16937669376693765,-6.8246073333569806,0.0,77.47252533863534,-59.04918089835012,-5.613505263015151,-5.201682418717212
-0.5928184281842819,0.16937669376693776,-7.024665525578578,-3.49330238779592e-16,79.09332737246118,-46.88798201280728,-5.7320254073365975,-4.164351175393804
-0.4234417344173441,0.1693766937669376,-7.208785445540541,3.9611869370056525e-16,80.32048048119871,-34.01104356419322,-5.792792033631976,-3.0525006121021936
-0.2540650406504065,0.16937669376693767,-7.446867434870998,3.6446163872454796e-16,82.02930286609742,-20.84077816719955,-5.871677798636256,-1.891988677558688
-0.08468834688346884,0.16937669376693767,-7.7434282757239385,-4.3238966045653537e-16,87.73903731475927,-7.430474027333951,-6.716625120352443,-0.6557781398817697
