y,dy,dF1/dy,dF2/dy,dF3/dy,dM1/dy,dM2/dy,dM3/dy,y_in_component_frame:,test,loadsFM_in_frame:,local,comp:,WingGeom_Surf1,"Note: y is in the component local frame, but forces and moments can be calculated with respect to any arbitrary frame."
-1.4397018970189701,0.16937669376693765,-4.2782205032193055,7.113892495390874e-18,50.29384774406248,-72.40814800551004,-3.5315214059305173,-6.159362174350287
-1.2703252032520327,0.16937669376693765,-5.515297883273614,3.319512266193157e-17,64.29211231865109,-81.67189064869297,-4.509355694653851,-7.006221904565062
-1.1009485094850948,0.16937669376693787,-6.183698453585359,-4.6775081718837813e-17,71.36137652460178,-78.56520111956496,-5.105270214535279,-6.807933595580087
-0.9315718157181572,0.16937669376693754,-6.595557980499098,-2.4057033357048773e-17,75.46893420588202,-70.30473206848765,-5.45733100076237,-6.14423592356793
-0.7621951219512195,0.16937669376693765,-6.866891432876635,0.0,78.02184639502704,-59.467870727916946,-5.672962212829409,-5.233911153107192
-0.5928184281842819,0.16937669376693776,-7.048825541917538,-3.4838303297408884e-16,79.66297077921972,-47.225677121827424,-5.809891287224319,-4.178673678304775
-0.4234417344173441,0.1693766937669376,-7.168330442726935,3.959343492088648e-16,80.70553232138944,-34.174090583244165,-5.895283045347302,-3.0353702755449397
-0.2540650406504065,0.16937669376693767,-7.241101440427838,3.6358136331337464e-16,81.32972668376414,-20.663040315996994,-5.946268859987118,-1.839710731816016
-0.08468834688346884,0.16937669376693767,-7.27558491412009,-4.281065942595856e-16,81.62243346686323,-6.912468958914568,-5.9700790797113825,-0.6161572589871354
