y,dy,dF1/dy,dF2/dy,dF3/dy,dM1/dy,dM2/dy,dM3/dy,y_in_component_frame:,test,loadsFM_in_frame:,local,comp:,WingGeom_Surf1,"Note: y is in the component local frame, but forces and moments can be calculated with respect to any arbitrary frame."
-1.4397018970189701,0.16937669376693765,-4.260631113066698,7.169571434600058e-18,50.07282390131758,-72.08993955982373,-3.5122256202039206,-6.1340386959801725
-1.2703252032520327,0.16937669376693765,-5.486123349122226,3.295238588846462e-17,63.97344273648684,-81.2670766469599,-4.481576405485588,-6.969160758539411
-1.1009485094850948,0.16937669376693787,-6.145709187204011,-4.638383571745991e-17,70.95769402551599,-78.12076747389126,-5.068659180686914,-6.766109369381106
-0.9315718157181572,0.16937669376693754,-6.5516410877006805,-2.4278278063678137e-17,74.98283048441795,-69.85189154205601,-5.410440686389101,-6.1033241840030055
-0.7621951219512195,0.16937669376693765,-6.8235003442748745,0.0,77.46377458197387,-59.04251111430933,-5.6128506982280255,-5.200838677038775
-0.5928184281842819,0.16937669376693776,-7.023496744588118,-3.4934455292136206e-16,79.084320331709,-46.88264247306596,-5.731356744635629,-4.163658300484149
-0.4234417344173441,0.1693766937669376,-7.2075570055623785,3.9613110964384176e-16,80.31123081293879,-34.00712686862245,-5.792111634286312,-3.0519804393472123
-0.2540650406504065,0.16937669376693767,-7.44556261951812,3.644604202009046e-16,82.01966974544929,-20.83833072801049,-5.870971520283116,-1.891657169593019
-0.08468834688346884,0.16937669376693767,-7.742035124134231,-4.3238356549471414e-16,87.72850095358348,-7.429581720323807,-6.715789835048099,-0.655660156176679
