y,dy,dF1/dy,dF2/dy,dF3/dy,dM1/dy,dM2/dy,dM3/dy,y_in_component_frame:,test,loadsFM_in_frame:,global,comp:,WingGeom_Surf1,"Note: y is in the component local frame, but forces and moments can be calculated with respect to any arbitrary frame."
-1.4397018970189701,0.16937669376693765,0.12145491553205254,7.11389249539086e-18,50.47533605216028,-72.6694370669652,-3.5315214188185564,0.1748588722937744
-1.2703252032520327,0.16937669376693765,0.1091135337704393,3.319512266192994e-17,64.52815142686013,-81.97173707680408,-4.5093557111102855,0.13860967196448087
-1.1009485094850948,0.16937669376693787,0.05938309832201461,-4.6775081718837216e-17,71.62876990722721,-78.85958746561259,-5.105270233166515,0.06537773358622817
-0.9315718157181572,0.16937669376693754,0.007087885277571387,-2.4057033357048357e-17,75.75659301969702,-70.57270691198065,-5.45733102067847,0.006602874157628637
-0.7621951219512195,0.16937669376693765,-0.040712213204629324,0.0,78.32343887843132,-59.69774304758484,-5.672962233532371,-0.031030650308406564
-0.5928184281842819,0.16937669376693776,-0.07892066402845223,-3.483830329740882e-16,79.97417489265642,-47.41016465519943,-5.809891308426987,-0.04678562400060728
-0.4234417344173441,0.1693766937669376,-0.10710563194080819,3.9593434920886526e-16,81.02318471250165,-34.308597862678525,-5.8952830668616505,-0.04535299455488149
-0.2540650406504065,0.16937669376693767,-0.12519761764128223,3.6358136331337563e-16,81.65134623760667,-20.744752601017957,-5.94626888168769,-0.0318083378153665
-0.08468834688346884,0.16937669376693767,-0.13403880682767097,-4.281065942595835e-16,81.94594461594663,-6.939866583328812,-5.970079101498691,-0.011351524968468172
