y,dy,dF1/dy,dF2/dy,dF3/dy,dM1/dy,dM2/dy,dM3/dy,y_in_component_frame:,test,loadsFM_in_frame:,global,comp:,WingGeom_Surf1,"Note: y is in the component local frame, but forces and moments can be calculated with respect to any arbitrary frame."
-1.4397018970189701,0.16937669376693765,0.12145491553202313,7.113892495390874e-18,50.47533605216015,-72.66943706696497,-3.5315214188185227,0.17485887229373254
-1.2703252032520327,0.16937669376693765,0.10911353377046777,3.319512266193157e-17,64.5281514268605,-81.97173707680452,-4.509355711110384,0.13860967196451732
-1.1009485094850948,0.16937669376693787,0.05938309832201644,-4.6775081718837813e-17,71.62876990722732,-78.85958746561275,-5.1052702331665545,0.0653777335862302
-0.9315718157181572,0.16937669376693754,0.00708788527755199,-2.4057033357048773e-17,75.75659301969698,-70.57270691198062,-5.457331020678466,0.006602874157611041
-0.7621951219512195,0.16937669376693765,-0.04071221320462601,0.0,78.32343887843152,-59.69774304758503,-5.672962233532433,-0.031030650308404416
-0.5928184281842819,0.16937669376693776,-0.07892066402845387,-3.4838303297408884e-16,79.9741748926566,-47.41016465519957,-5.809891308427053,-0.04678562400060827
-0.4234417344173441,0.1693766937669376,-0.10710563194077691,3.959343492088648e-16,81.02318471250166,-34.30859786267854,-5.895283066861667,-0.04535299455486821
-0.2540650406504065,0.16937669376693767,-0.12519761764133217,3.6358136331337464e-16,81.65134623760599,-20.74475260101778,-5.946268881687552,-0.03180833781537886
-0.08468834688346884,0.16937669376693767,-0.13403880682766545,-4.281065942595856e-16,81.9459446159465,-6.9398665833288025,-5.970079101498708,-0.011351524968467603
